{
    "loss": [
        0.5652021260278355,
        0.2707004015933479,
        0.20275437188001327,
        0.1509298585105615,
        0.10842213416685609,
        0.09576527499634858,
        0.08292696624140156,
        0.08300417715016707,
        0.0691092491583534,
        0.06792687193709844
    ],
    "val_acc": [
        0.8302469135802469,
        0.8666666666666667,
        0.9290123456790124,
        0.8895061728395062,
        0.9037037037037037,
        0.9135802469135802,
        0.9358024691358025,
        0.9444444444444444,
        0.9388888888888889,
        0.9611111111111111
    ],
    "val_f1": [
        0.8350877972451085,
        0.8593441608062106,
        0.9281395019458231,
        0.8856665252222717,
        0.899460689832613,
        0.9121621673081156,
        0.9328441173605443,
        0.9431962573767775,
        0.9360996329342554,
        0.9596836618584449
    ],
    "epoch_times": [
        30.905662298202515,
        25.88990831375122,
        25.750253200531006,
        24.552839517593384,
        24.237727165222168,
        23.96452808380127,
        23.9823157787323,
        24.080065965652466,
        24.136346101760864,
        23.733665227890015
    ]
}