{
    "loss": [
        9.032485462370373
    ],
    "val_acc": [
        0.0
    ],
    "val_f1": [
        0.0
    ],
    "epoch_times": [
        1.4093396663665771
    ]
}