{
    "loss": [
        1.050399087038305,
        0.6362681394912684,
        0.5184570634924861,
        0.42532696913947504,
        0.3846582852645631,
        0.34285647370088745,
        0.3058674603646434,
        0.28644209605061843,
        0.2666337661165292,
        0.24303832817707716
    ],
    "val_acc": [
        0.725925925925926,
        0.7759259259259259,
        0.8160493827160494,
        0.8604938271604938,
        0.8549382716049383,
        0.8808641975308642,
        0.8907407407407407,
        0.8907407407407407,
        0.9061728395061729,
        0.908641975308642
    ],
    "val_f1": [
        0.711088527836972,
        0.772164100406765,
        0.8076270791731932,
        0.8579150530125916,
        0.8402508463229144,
        0.8745566513237145,
        0.8877032876338744,
        0.8848608984844544,
        0.9036409266498528,
        0.9063514568972367
    ],
    "epoch_times": [
        249.82039856910706,
        250.6394066810608,
        251.29612565040588,
        251.05812644958496,
        251.08539962768555,
        259.04336500167847,
        257.7895300388336,
        258.4578778743744,
        259.06464314460754,
        258.5993113517761
    ]
}