{
    "loss": [
        2.318276821116291,
        2.236954424957329,
        2.152414710517493,
        2.074045406952106,
        2.000610234665913,
        1.9459695471657648,
        1.9073726173431154,
        1.8725843739047041,
        1.9160477404030962,
        1.9059744681841062
    ],
    "val_acc": [
        0.21049382716049383,
        0.21728395061728395,
        0.21666666666666667,
        0.2191358024691358,
        0.21419753086419754,
        0.21358024691358024,
        0.21728395061728395,
        0.2191358024691358,
        0.22839506172839505,
        0.2234567901234568
    ],
    "val_f1": [
        0.07121862823144928,
        0.07462624831366294,
        0.07567232426567465,
        0.07586259358781505,
        0.0750074409576189,
        0.07437129249486474,
        0.07842086002204814,
        0.07894931891831794,
        0.08433768223464766,
        0.07782013762468366
    ],
    "epoch_times": [
        402.0604739189148,
        404.7522280216217,
        415.45396995544434,
        416.7421326637268,
        430.9780819416046,
        427.3058886528015,
        427.52150440216064,
        415.4606237411499,
        407.41408467292786,
        406.4356071949005
    ]
}