{
    "loss": [
        2.1299609793977554,
        1.8755043224052146,
        1.9044669176535631,
        1.669594919828721,
        1.5650697960845166,
        1.5185653908963346,
        1.447698051925269,
        1.6120059132365743,
        1.7022221548006438,
        2.052443028757812
    ],
    "val_acc": [
        0.34444444444444444,
        0.2037037037037037,
        0.37407407407407406,
        0.408641975308642,
        0.4524691358024691,
        0.44074074074074077,
        0.49753086419753084,
        0.40185185185185185,
        0.4024691358024691,
        0.24753086419753087
    ],
    "val_f1": [
        0.2357949501133442,
        0.13948508596486206,
        0.2601637039713085,
        0.3271079699558418,
        0.38525735192977456,
        0.377694839631662,
        0.43555695562479874,
        0.345358969489233,
        0.3457839674824962,
        0.17113930414384182
    ],
    "epoch_times": [
        63.24217677116394,
        60.46834969520569,
        59.91795039176941,
        61.76357555389404,
        61.74010896682739,
        61.21529483795166,
        60.248140811920166,
        60.59046530723572,
        60.704952001571655,
        60.21719670295715
    ]
}