{
    "loss": [
        1.718027639010596,
        1.4913196029276234,
        1.3665506033670334,
        1.2463648654375967,
        1.1130210062814136,
        1.023125149080993,
        0.9069874658576185,
        0.8122089818671897,
        0.7560828173181577,
        0.686317723705655
    ],
    "val_acc": [
        0.9425925925925925,
        0.8549382716049383,
        0.8487654320987654,
        0.837037037037037,
        0.8493827160493828,
        0.8623456790123457,
        0.8635802469135803,
        0.858641975308642,
        0.8691358024691358,
        0.8888888888888888
    ],
    "val_f1": [
        0.9404726763605797,
        0.835260445373056,
        0.8192948408801854,
        0.7972412636947067,
        0.8108699671671669,
        0.8274826238666,
        0.8245158897240229,
        0.8236937756283759,
        0.8314383199191244,
        0.8702568298055825
    ],
    "epoch_times": [
        77.57912349700928,
        80.46101498603821,
        84.33170676231384,
        79.39546298980713,
        81.69508790969849,
        88.11095094680786,
        97.93625831604004,
        98.13137364387512,
        97.7222192287445,
        93.18125510215759
    ]
}