{
    "loss": [
        2.3692113017279004,
        2.3479273694743132,
        2.334051885428252,
        2.3206502739924812,
        2.313705585116432,
        2.310360883783411,
        2.3055608775460112,
        2.3034909488873088,
        2.2998566581248396,
        2.298675472185515
    ],
    "val_acc": [
        0.11049382716049383,
        0.11049382716049383,
        0.09382716049382717,
        0.10555555555555556,
        0.07098765432098765,
        0.12160493827160494,
        0.12222222222222222,
        0.11728395061728394,
        0.1345679012345679,
        0.059876543209876544
    ],
    "val_f1": [
        0.01989994441356309,
        0.02006726457399103,
        0.021264989724280477,
        0.02356285153937241,
        0.03550773863783156,
        0.035101095916837945,
        0.035926950747094635,
        0.0527609728353924,
        0.05563914429893811,
        0.02453867028493894
    ],
    "epoch_times": [
        470.0499813556671,
        483.5541775226593,
        469.1054599285126,
        479.01572823524475,
        499.717707157135,
        498.18592739105225,
        501.4298770427704,
        501.74113869667053,
        500.1898238658905,
        498.38518595695496
    ]
}