{
    "loss": [
        2.264840194914076,
        2.271113048785578,
        2.2965495068349955,
        2.295702292427184,
        2.2960576258428933,
        2.2950001627469607,
        2.2959432759192464,
        2.292451390345471,
        2.2927218832456666,
        2.2903331747340987
    ],
    "val_acc": [
        0.2191358024691358,
        0.09259259259259259,
        0.12222222222222222,
        0.09197530864197531,
        0.1537037037037037,
        0.10679012345679012,
        0.08148148148148149,
        0.1808641975308642,
        0.14135802469135803,
        0.09012345679012346
    ],
    "val_f1": [
        0.11019176315985221,
        0.046860249844415496,
        0.07086057397217642,
        0.0633482785834392,
        0.08569909826246581,
        0.05939657449528517,
        0.04819078044879317,
        0.08258644190840178,
        0.06425720944057511,
        0.0494288227427459
    ],
    "epoch_times": [
        85.54950642585754,
        83.73485088348389,
        82.54803371429443,
        82.70123362541199,
        82.8130693435669,
        84.09570932388306,
        86.06055283546448,
        82.52149486541748,
        85.58247184753418,
        84.7397153377533
    ]
}