{
    "loss": [
        2.2682489318612182
    ],
    "val_acc": [
        0.20987654320987653
    ],
    "val_f1": [
        0.10025379015561345
    ],
    "epoch_times": [
        5.364087820053101
    ]
}