{
    "loss": [
        2.3576039468169845,
        2.3441850557949597,
        2.330560335869091,
        2.3117649438309713,
        2.321582043696543
    ],
    "val_acc": [
        0.10925925925925926,
        0.10493827160493827,
        0.10864197530864197,
        0.1617283950617284,
        0.1
    ],
    "val_f1": [
        0.0379996183778332,
        0.03643660941902026,
        0.041506978304942516,
        0.07265080181004367,
        0.031922485023659554
    ],
    "epoch_times": [
        85.77478790283203,
        78.24859237670898,
        83.30023288726807,
        84.07843518257141,
        81.09195184707642
    ]
}