{
    "loss": [
        2.1746785001569746,
        2.005545442360839,
        1.8952190284375792,
        1.8130703627958078,
        1.747643930613469,
        1.6864621494182204,
        1.6209805586560904,
        1.565763242408712,
        1.5145569183628815,
        1.4575489684597736,
        1.3969424991590846,
        1.34838948632464,
        1.2927737960529495,
        1.243447978134929,
        1.192497978218859,
        1.139146179623074,
        1.1023731560093175,
        1.0458457159197099,
        1.0196599255583694,
        0.9935966027687045
    ],
    "val_acc": [
        0.27530864197530863,
        0.34012345679012346,
        0.33827160493827163,
        0.3950617283950617,
        0.42901234567901236,
        0.46111111111111114,
        0.5049382716049383,
        0.4419753086419753,
        0.5438271604938272,
        0.5820987654320988,
        0.532716049382716,
        0.6098765432098765,
        0.554320987654321,
        0.5580246913580247,
        0.6839506172839506,
        0.5944444444444444,
        0.674074074074074,
        0.6549382716049382,
        0.6901234567901234,
        0.6641975308641975
    ],
    "val_f1": [
        0.16859055878254864,
        0.21301152886306524,
        0.20106401610147015,
        0.2726143808412466,
        0.3191311675942109,
        0.36355921608343067,
        0.4143425773118151,
        0.3674721432327102,
        0.4436970570359418,
        0.48255531210592795,
        0.47011928182418733,
        0.5298262945658881,
        0.48933358303713026,
        0.48847120792094545,
        0.6136498501124803,
        0.521643921929282,
        0.6084916030318657,
        0.59879722206902,
        0.6277839967786416,
        0.6081127941307749
    ],
    "epoch_times": [
        44.971086263656616,
        42.48077058792114,
        44.7500433921814,
        44.90158748626709,
        46.738091707229614,
        44.75368642807007,
        45.206063985824585,
        43.90536093711853,
        45.795188188552856,
        44.723732233047485,
        45.91138005256653,
        43.161938190460205,
        43.619088649749756,
        43.76114201545715,
        44.50380778312683,
        46.356008768081665,
        44.00762462615967,
        43.95426058769226,
        44.65647864341736,
        45.76383972167969
    ]
}