{
    "loss": [
        2.113116701654236,
        1.9136564929649313,
        1.7561367573141,
        1.6244121276091856,
        1.5018688745179083,
        1.404371578100497,
        1.300268988172003,
        1.2173009050375991,
        1.1347345834055906,
        1.0454242792079058,
        0.9687141008057502,
        0.8964581956098109,
        0.8373106575516797,
        0.7660191106838313,
        0.7099402867927753,
        0.6581530838416367,
        0.5937588436893685,
        0.5695851097872228,
        0.5166089072324191,
        0.48679166014652825,
        0.4229245742687683,
        0.4146038942130995,
        0.370822199658742,
        0.3309180040786296,
        0.31848949059397247,
        0.2916205293917782,
        0.2731804758205195,
        0.23333035095658883,
        0.2091737116297717,
        0.19431888280301707,
        0.1923080320080752,
        0.19451334048095414,
        0.1463321829914416,
        0.16497479139234233,
        0.12304319749065598,
        0.11841679462207058,
        0.11756577377439176,
        0.12388283134400319,
        0.08536827246899958,
        0.12696459862605605,
        0.08261975770852342,
        0.06472574291878908,
        0.08734915015243348,
        0.09701807682371223,
        0.06284306348421376,
        0.058678334053914594,
        0.06374370145103919,
        0.0817480086150203,
        0.0469698147273358,
        0.0417925434052366
    ],
    "val_acc": [
        0.2716049382716049,
        0.3808641975308642,
        0.5024691358024691,
        0.5376543209876543,
        0.6308641975308642,
        0.6771604938271605,
        0.6759259259259259,
        0.7191358024691358,
        0.7469135802469136,
        0.717283950617284,
        0.7401234567901235,
        0.7820987654320988,
        0.7864197530864198,
        0.8111111111111111,
        0.7919753086419753,
        0.7919753086419753,
        0.8135802469135802,
        0.812962962962963,
        0.7950617283950617,
        0.8080246913580247,
        0.8160493827160494,
        0.7820987654320988,
        0.8049382716049382,
        0.8148148148148148,
        0.8148148148148148,
        0.7981481481481482,
        0.8123456790123457,
        0.812962962962963,
        0.8222222222222222,
        0.7734567901234568,
        0.812962962962963,
        0.804320987654321,
        0.8154320987654321,
        0.8148148148148148,
        0.8203703703703704,
        0.8037037037037037,
        0.8141975308641975,
        0.8166666666666667,
        0.8246913580246914,
        0.7716049382716049,
        0.7981481481481482,
        0.8234567901234567,
        0.7660493827160494,
        0.8203703703703704,
        0.7518518518518519,
        0.7987654320987654,
        0.8135802469135802,
        0.778395061728395,
        0.817283950617284,
        0.8148148148148148
    ],
    "val_f1": [
        0.15431631769440424,
        0.2687941475033051,
        0.3921324302808679,
        0.41447563211215704,
        0.5407249127883389,
        0.631252869413696,
        0.6256689986256825,
        0.6717519033319893,
        0.7210136278738345,
        0.6974722164508184,
        0.722061125874863,
        0.7682342159733506,
        0.7720719390705633,
        0.8029233959314466,
        0.7857925928183556,
        0.7821967862111256,
        0.8062489620445931,
        0.8047693386652304,
        0.7929491362206935,
        0.7997050251346376,
        0.809695153772342,
        0.7754569402619567,
        0.7995321664846988,
        0.805698395828361,
        0.806551432385007,
        0.7913547466640127,
        0.8041492904232082,
        0.8036975026198203,
        0.814641904544858,
        0.7698467659546131,
        0.8073916887783877,
        0.7994193028220787,
        0.8084133197284938,
        0.8087363853405248,
        0.8147294223861816,
        0.7954915873234043,
        0.8075667124886248,
        0.8100267982748068,
        0.8165136983911643,
        0.7655002541192851,
        0.7918851797838101,
        0.8172906428935811,
        0.7606990370310566,
        0.8136088949817528,
        0.7436234200513372,
        0.7919090399947581,
        0.8064115979430906,
        0.7699044509018851,
        0.8116362668907918,
        0.8067587494099817
    ],
    "epoch_times": [
        35.921353578567505,
        34.98012089729309,
        34.348613262176514,
        33.51113247871399,
        34.649738788604736,
        34.174901485443115,
        35.042370319366455,
        34.33150386810303,
        34.16852259635925,
        33.62230849266052,
        34.401296854019165,
        35.667967557907104,
        34.74966096878052,
        35.092889070510864,
        34.201027631759644,
        33.53280019760132,
        34.13223743438721,
        34.5479462146759,
        35.4305157661438,
        34.39933466911316,
        34.480379581451416,
        34.38252282142639,
        35.49116897583008,
        35.23482656478882,
        34.9563729763031,
        33.64380741119385,
        33.8984055519104,
        33.62351441383362,
        34.271721839904785,
        34.14375877380371,
        34.002983808517456,
        32.70565438270569,
        35.21290588378906,
        34.1693913936615,
        33.54855442047119,
        34.17396116256714,
        33.66888427734375,
        34.060301780700684,
        33.774336099624634,
        35.65708827972412,
        34.40945243835449,
        33.10128402709961,
        34.37022066116333,
        34.47789168357849,
        34.00713801383972,
        34.411155223846436,
        33.64695739746094,
        34.602933168411255,
        35.37879014015198,
        34.08217811584473
    ]
}