{
    "loss": [
        2.2039055499660485,
        2.038509829334481,
        1.9000883203334908,
        1.762706459052138,
        1.6220868397011328,
        1.4966860266169122,
        1.4005577513780543,
        1.3167218385339834,
        1.241666445614379,
        1.18521363104462,
        1.1349438023525151,
        1.0918798164505596,
        1.0578207810719809,
        1.0131162072825894,
        0.9809987040844333,
        0.9440432936636438,
        0.9181493791533105,
        0.8774987952629305,
        0.8520081878759663,
        0.8285530627509694
    ],
    "val_acc": [
        0.32222222222222224,
        0.49135802469135803,
        0.508641975308642,
        0.47716049382716047,
        0.5419753086419753,
        0.46296296296296297,
        0.3530864197530864,
        0.5833333333333334,
        0.5518518518518518,
        0.5938271604938271,
        0.5209876543209877,
        0.6123456790123457,
        0.6425925925925926,
        0.6592592592592592,
        0.6932098765432099,
        0.6265432098765432,
        0.7024691358024692,
        0.7055555555555556,
        0.6839506172839506,
        0.7240740740740741
    ],
    "val_f1": [
        0.24081751805870621,
        0.403643345549294,
        0.42655664490365214,
        0.36439648820314396,
        0.4442189872861535,
        0.37496649854026287,
        0.27715779888449127,
        0.4971765907889575,
        0.483048277919115,
        0.5104385093346788,
        0.46956334564404323,
        0.5693881804736425,
        0.5968452835662118,
        0.6269704535279976,
        0.6668375778185754,
        0.5980365047190199,
        0.6784517115044044,
        0.6883335241776469,
        0.6644538946315683,
        0.7149591049055749
    ],
    "epoch_times": [
        45.60886263847351,
        43.68229603767395,
        41.73943519592285,
        42.20623731613159,
        43.55289673805237,
        43.07455825805664,
        43.257349491119385,
        43.13288140296936,
        41.83007335662842,
        42.882556676864624,
        41.92140507698059,
        42.74197173118591,
        43.29322838783264,
        43.05441188812256,
        45.415881633758545,
        44.24465322494507,
        46.34937810897827,
        45.6347336769104,
        45.15974736213684,
        44.21208572387695
    ]
}