{
    "loss": [
        2.7481725724706365,
        2.244562029207825
    ],
    "val_acc": [
        0.2222222222222222,
        0.35802469135802467
    ],
    "val_f1": [
        0.1317902837902838,
        0.23766511266511267
    ],
    "val_auc": [
        0.676809067720091,
        0.8121175256364014
    ],
    "epoch_times": [
        6.403262615203857,
        2.346853494644165
    ]
}