{
  "loss": [
    1.6087216997483,
    1.3722432874918404,
    1.2919148694060256,
    1.1828044947703258,
    1.1198605872546135,
    1.052328301211934,
    1.0164760532833281,
    0.9659035881360372,
    0.947654742328368,
    0.8911729600694445,
    0.8709737535086468,
    0.8494846991130284,
    0.8217256925724171,
    0.7983674323117291,
    0.7646095257587534,
    0.7362949304690016,
    0.7075047220082089,
    0.7040972772098723,
    0.6767313609888524,
    0.6702122188960014,
    0.6548961032845566,
    0.633799723195441,
    0.6232787018310035,
    0.6091571405451134,
    0.5995967618792566,
    0.6037547764534252,
    0.601583453460976,
    0.5876144150472402,
    0.5891694718778028,
    0.5862332444552601
  ],
  "val_acc": [
    0.3765432098765432,
    0.31851851851851853,
    0.25617283950617287,
    0.5820987654320988,
    0.5611111111111111,
    0.38641975308641974,
    0.5055555555555555,
    0.6604938271604939,
    0.6864197530864198,
    0.658641975308642,
    0.6975308641975309,
    0.5259259259259259,
    0.6111111111111112,
    0.695679012345679,
    0.6179012345679012,
    0.7358024691358025,
    0.7043209876543209,
    0.7358024691358025,
    0.717283950617284,
    0.758641975308642,
    0.774074074074074,
    0.7709876543209877,
    0.7641975308641975,
    0.7530864197530864,
    0.7753086419753087,
    0.7648148148148148,
    0.7746913580246914,
    0.778395061728395,
    0.778395061728395,
    0.7777777777777778
  ],
  "val_f1": [
    0.2624292302110933,
    0.23913809243672066,
    0.18730800545529172,
    0.5358112423626389,
    0.5082868873547166,
    0.34342350682148576,
    0.4857733975207032,
    0.6401614775238104,
    0.6652441383055271,
    0.6279981254601323,
    0.6817644332947758,
    0.5048219631384753,
    0.6025481685701841,
    0.6774451465013607,
    0.5992538586528775,
    0.7223993471311879,
    0.6931425743697515,
    0.7211849774481766,
    0.7048154378809458,
    0.7443164576493111,
    0.7596197645996473,
    0.7561060305821007,
    0.7521165255989126,
    0.7415376132214279,
    0.7634598705014898,
    0.7522095925317606,
    0.7629914188413912,
    0.7655790367799398,
    0.7640568470939355,
    0.7645093479489566
  ],
  "epoch_times": [
    67.13329482078552,
    69.10168170928955,
    78.9911777973175,
    74.29900240898132,
    70.09930229187012,
    65.17899680137634,
    68.0731770992279,
    67.60587096214294,
    66.00639724731445,
    66.93824911117554,
    67.67608904838562,
    68.43127846717834,
    68.1381049156189,
    69.06537961959839,
    70.94667863845825,
    70.86783027648926,
    70.41942501068115,
    69.75198197364807,
    68.69066309928894,
    73.03390884399414,
    74.67148113250732,
    73.60835289955139,
    70.71285486221313,
    71.82807421684265,
    71.55535531044006,
    71.90391683578491,
    72.61695837974548,
    74.61526370048523,
    70.86521053314209,
    71.5029706954956
  ],
  "strategy": "distilled",
  "parameters": {
    "total": 359578,
    "trainable": 359578
  },
  "best_acc": 0.778395061728395,
  "best_f1": 0.7655790367799398,
  "avg_epoch_time": 70.47763095696767
}