{
    "loss": [
        1.8349476033838128,
        1.697406544424659,
        1.6093811429156617,
        1.5367141552492845,
        1.4604717593975167,
        1.3850510004756733,
        1.304842350175982,
        1.244940823684504,
        1.1716777902011097,
        1.1087197976978578,
        1.0380377317442044,
        0.9815067923678713,
        0.916560910492347,
        0.8590593752406892,
        0.8186718618638511,
        0.7900594045245458,
        0.7205025735145313,
        0.7084417591860265,
        0.6575987828892165,
        0.6297485913338905,
        0.5979264939903582,
        0.5675591400691441,
        0.5477349742169523,
        0.5084182999121449,
        0.4930260244605823,
        0.4739462843963078,
        0.44212567191275337,
        0.42154151233836246,
        0.4022065451115738,
        0.3903005012128719
    ],
    "val_acc": [
        0.6308641975308642,
        0.754320987654321,
        0.75,
        0.7672839506172839,
        0.8345679012345679,
        0.8679012345679012,
        0.8716049382716049,
        0.8567901234567902,
        0.854320987654321,
        0.9518518518518518,
        0.9382716049382716,
        0.9444444444444444,
        0.9611111111111111,
        0.9598765432098766,
        0.9574074074074074,
        0.9611111111111111,
        0.9462962962962963,
        0.9395061728395062,
        0.9462962962962963,
        0.9697530864197531,
        0.9598765432098766,
        0.9561728395061728,
        0.9530864197530864,
        0.9598765432098766,
        0.9549382716049383,
        0.9574074074074074,
        0.9580246913580247,
        0.9722222222222222,
        0.9524691358024692,
        0.9679012345679012
    ],
    "val_f1": [
        0.5385758947277688,
        0.6936515526561493,
        0.6907979830891613,
        0.7142166357222471,
        0.795480468129359,
        0.8238934955806897,
        0.8291623334731408,
        0.8139616489235764,
        0.8139372783674512,
        0.9492210876545004,
        0.9346855171662096,
        0.9393230186860555,
        0.9594054932192029,
        0.9591779255253435,
        0.9554207396876275,
        0.9601007506640891,
        0.9444052236509307,
        0.9388373054201514,
        0.9456282610653746,
        0.9687086062919585,
        0.9584343290114232,
        0.9544286698899,
        0.9516952607333122,
        0.957930544063859,
        0.9531651645569601,
        0.9557440498018119,
        0.9572914271041757,
        0.9711763979497399,
        0.9514670617375012,
        0.9667263236426351
    ],
    "val_auc": [
        0.9740673722288868,
        0.9812423882994598,
        0.9778259540704151,
        0.9826570779357455,
        0.9821448802881079,
        0.9809064999936193,
        0.98823814543715,
        0.9804994223065678,
        0.9735047451831511,
        0.9862903528295505,
        0.9677495845733561,
        0.9734670846943032,
        0.9900146799403485,
        0.987526215003723,
        0.985811160821512,
        0.9870610640531808,
        0.9784549310570604,
        0.9784693410751751,
        0.981350911957415,
        0.9901855490814778,
        0.9867735044196101,
        0.9863134291470758,
        0.9857165134596511,
        0.9883285919044262,
        0.9905293743737555,
        0.9881263824266073,
        0.9861763803618832,
        0.9912802919037293,
        0.9865039512835878,
        0.992269606745564
    ],
    "epoch_times": [
        37.29059386253357,
        37.03614783287048,
        35.614115953445435,
        37.43573021888733,
        36.39980912208557,
        37.45741057395935,
        37.55129146575928,
        37.329580307006836,
        37.775275230407715,
        37.30530118942261,
        38.010709285736084,
        37.389809370040894,
        37.81070947647095,
        37.477394819259644,
        37.36426901817322,
        37.20282816886902,
        37.99548959732056,
        37.634143590927124,
        36.58814811706543,
        37.45029854774475,
        37.20196557044983,
        36.997905254364014,
        35.0106041431427,
        32.77973198890686,
        33.09380769729614,
        32.91089105606079,
        32.217697858810425,
        33.353487730026245,
        32.494882345199585,
        32.5202271938324
    ]
}