{
    "loss": [
        2.0135973773515623,
        1.7289073402919466,
        1.571608226976277,
        1.4501127508792506,
        1.35426383098387,
        1.2856341935549673,
        1.2126744273268146,
        1.1455522458599567,
        1.1055615269948567,
        1.0375941330373182,
        1.0145453958915025,
        0.9782176865471734,
        0.9274071842905075,
        0.9028326573405526,
        0.8552758809750673,
        0.8348837598921761,
        0.820049458121917,
        0.7799250120628868,
        0.7745365290204473,
        0.747886185944606
    ],
    "val_acc": [
        0.34382716049382717,
        0.37160493827160496,
        0.528395061728395,
        0.5104938271604939,
        0.5475308641975308,
        0.4740740740740741,
        0.5574074074074075,
        0.46111111111111114,
        0.5277777777777778,
        0.6888888888888889,
        0.591358024691358,
        0.6061728395061728,
        0.687037037037037,
        0.682716049382716,
        0.48148148148148145,
        0.5574074074074075,
        0.3271604938271605,
        0.5654320987654321,
        0.7345679012345679,
        0.7154320987654321
    ],
    "val_f1": [
        0.253760021600325,
        0.289498628463855,
        0.4706882085968407,
        0.4657154646601609,
        0.5037604147424044,
        0.42373160731800735,
        0.54377963461437,
        0.4343851456193142,
        0.5099671411733742,
        0.675504459107519,
        0.564747353195385,
        0.579651108196593,
        0.6811067196308633,
        0.6863313422966756,
        0.4714409127885295,
        0.531262203832908,
        0.3107769633242817,
        0.5572378456132359,
        0.7223294423821357,
        0.7110464363459236
    ],
    "epoch_times": [
        30.390369415283203,
        27.954092025756836,
        28.26286482810974,
        27.91835379600525,
        27.94703769683838,
        27.40424156188965,
        27.84858512878418,
        27.925085067749023,
        26.21613907814026,
        27.474612951278687,
        26.597445011138916,
        28.010917901992798,
        27.636629343032837,
        29.29494833946228,
        28.059571266174316,
        28.145633220672607,
        27.509186267852783,
        27.840095043182373,
        27.263896703720093,
        27.084447622299194
    ]
}