{
  "loss": [
    1.815066081001645,
    1.6170361036556318
  ],
  "val_acc": [
    0.40987654320987654,
    0.5993827160493828
  ],
  "val_f1": [
    0.33743008962254806,
    0.5610791916767294
  ],
  "epoch_times": [
    58.71175193786621,
    61.16480278968811
  ],
  "strategy": "finetuned",
  "backbone": "lenet_improved",
  "parameters": {
    "total": 2225546,
    "trainable": 2225408
  },
  "best_acc": 0.5993827160493828,
  "best_f1": 0.5610791916767294,
  "avg_epoch_time": 59.93827736377716
}