{
  "loss": [
    1.9496164679737529,
    1.730748086127024,
    1.63535607563335,
    1.5448599622783628,
    1.4473025987598211,
    1.4148705725526893,
    1.3559632869834832,
    1.324532166780408,
    1.2901930274156035,
    1.2647227900789317,
    1.2054199163245145,
    1.1784696012998175,
    1.1577002403807597,
    1.1306308960367972,
    1.1081793360819472,
    1.0708926951023217,
    1.0605041795306736,
    1.059001335874857,
    1.0449362616900624,
    0.9995795392275277,
    1.0043068621734672,
    0.9890768855757603,
    0.9907856377764774,
    0.9588706713294647,
    0.9581716645962347,
    0.9493860263252595,
    0.9330653550763609,
    0.9193250648138594,
    0.9308626897751339,
    0.9395656359469029,
    0.9160284438461223,
    0.903342551634215,
    0.8935149084323297,
    0.8765859780488191,
    0.8765364293698912,
    0.8760144343031356,
    0.8684350471647959,
    0.8571961708169765,
    0.8627262332872528,
    0.8483315589776956,
    0.8457198848589808,
    0.834540106505944,
    0.8400725190181161,
    0.8332554202441396,
    0.8285601911721406,
    0.8287842322699397,
    0.8224756158848919,
    0.816234050478254,
    0.8229314818584099,
    0.7995032671267394,
    0.8009310248877847,
    0.7943750714498853,
    0.7960432749786915,
    0.7875495777348782,
    0.7914727428392548,
    0.7802900140668139,
    0.7852226563021409,
    0.7667242959062889,
    0.7573915313370855,
    0.770454688341319,
    0.7634285567719259,
    0.753262533922885,
    0.7600648951488408,
    0.764832851075201,
    0.7441888646894451,
    0.7535425620945253,
    0.7564128341077707,
    0.739953674084295,
    0.7421281038768708,
    0.7442595043720602,
    0.7303067816207859,
    0.7392516894525532,
    0.7323692142227549,
    0.7272114175547578,
    0.7290319440436321,
    0.7325863260440726,
    0.721716581324421,
    0.7177461062158857,
    0.721888146913451,
    0.7171703947914971,
    0.711016047820843,
    0.703741341124977,
    0.7118552925725462,
    0.7076746765057667,
    0.7072851013674728,
    0.7136292483651029,
    0.6965067642496167,
    0.7045338211656668,
    0.709960059387974,
    0.7012500054411577,
    0.7109489659888825,
    0.7037447825520968,
    0.7038751296475662,
    0.7045481856327629,
    0.700574507074171,
    0.7099228917185801,
    0.7017983255562958,
    0.7066206124093798,
    0.7050230245951833,
    0.7021195887678304
  ],
  "val_acc": [
    0.5074074074074074,
    0.595679012345679,
    0.562962962962963,
    0.6802469135802469,
    0.641358024691358,
    0.6882716049382716,
    0.6524691358024691,
    0.7135802469135802,
    0.6981481481481482,
    0.730246913580247,
    0.7012345679012346,
    0.7296296296296296,
    0.7765432098765432,
    0.7679012345679013,
    0.7932098765432098,
    0.6438271604938272,
    0.4462962962962963,
    0.741358024691358,
    0.6296296296296297,
    0.8080246913580247,
    0.8425925925925926,
    0.65,
    0.6679012345679012,
    0.8376543209876544,
    0.832716049382716,
    0.837037037037037,
    0.8012345679012346,
    0.845679012345679,
    0.8493827160493828,
    0.858641975308642,
    0.8419753086419753,
    0.7672839506172839,
    0.7845679012345679,
    0.8635802469135803,
    0.8746913580246913,
    0.8635802469135803,
    0.85,
    0.8092592592592592,
    0.8654320987654321,
    0.7037037037037037,
    0.8672839506172839,
    0.7962962962962963,
    0.8574074074074074,
    0.8796296296296297,
    0.8697530864197531,
    0.7679012345679013,
    0.8870370370370371,
    0.8604938271604938,
    0.8753086419753087,
    0.8981481481481481,
    0.8709876543209877,
    0.8820987654320988,
    0.8932098765432098,
    0.8462962962962963,
    0.8333333333333334,
    0.8981481481481481,
    0.8987654320987655,
    0.8746913580246913,
    0.8950617283950617,
    0.8950617283950617,
    0.8549382716049383,
    0.8993827160493827,
    0.8993827160493827,
    0.8969135802469136,
    0.9024691358024691,
    0.8635802469135803,
    0.8833333333333333,
    0.8771604938271605,
    0.9012345679012346,
    0.9,
    0.9055555555555556,
    0.8993827160493827,
    0.9111111111111111,
    0.9012345679012346,
    0.895679012345679,
    0.8864197530864197,
    0.9098765432098765,
    0.9117283950617284,
    0.912962962962963,
    0.912962962962963,
    0.9,
    0.908641975308642,
    0.9092592592592592,
    0.9092592592592592,
    0.9098765432098765,
    0.9098765432098765,
    0.912962962962963,
    0.9123456790123456,
    0.9092592592592592,
    0.9135802469135802,
    0.917283950617284,
    0.9104938271604939,
    0.9166666666666666,
    0.9166666666666666,
    0.9135802469135802,
    0.9154320987654321,
    0.9104938271604939,
    0.9185185185185185,
    0.9111111111111111,
    0.9185185185185185
  ],
  "val_f1": [
    0.43025685959803583,
    0.5479335993825653,
    0.5255782732468031,
    0.6434963519414577,
    0.617702301452197,
    0.6537377121670879,
    0.6230688277333198,
    0.6812283806150233,
    0.665461527928633,
    0.7125256068997061,
    0.6829095430147716,
    0.7118132907590048,
    0.7588268791727106,
    0.7524787697727816,
    0.78415849564779,
    0.6298883084706653,
    0.4083837360360228,
    0.7240775655427146,
    0.6166524065022136,
    0.8006060178805683,
    0.8340535816629616,
    0.6450077203830031,
    0.6625586989324367,
    0.831783542246588,
    0.8313330241878921,
    0.8323404552926424,
    0.7911663514291668,
    0.8415905768939999,
    0.8456863559061645,
    0.856459653086009,
    0.8357700303021531,
    0.7601950210433164,
    0.7774784617739682,
    0.8596641186460753,
    0.8709232321592809,
    0.8610587782297687,
    0.8399827160425761,
    0.8064400653091355,
    0.861917566841582,
    0.6903350631182297,
    0.8648476084957037,
    0.7857073320731495,
    0.856280826596627,
    0.8766231679456157,
    0.8690268218888585,
    0.7613685853934091,
    0.8837914307190541,
    0.8512287891951047,
    0.8711533390537507,
    0.895261666078904,
    0.8682610843714171,
    0.8786144019765079,
    0.8899241374912641,
    0.8450910870374267,
    0.8303373759657949,
    0.8963143485087249,
    0.8960919425465826,
    0.8714923735446435,
    0.8917258867867501,
    0.89283414558554,
    0.8459347505763773,
    0.8969527796431642,
    0.8962951262410161,
    0.8946555375387755,
    0.900273674406171,
    0.858957338668878,
    0.8809278991077159,
    0.873029466066496,
    0.8979337060385861,
    0.8988112293586985,
    0.9041828180878729,
    0.8970210435916319,
    0.9091084477207533,
    0.898351060202231,
    0.8912255267628575,
    0.8825303909797144,
    0.907177001166143,
    0.9091077033216862,
    0.9107648071297758,
    0.9101014755810823,
    0.8978565282269513,
    0.9048701522672872,
    0.9063281025621082,
    0.9054944124712472,
    0.9071103885100023,
    0.9072839803367734,
    0.9102274441115039,
    0.909460319312873,
    0.9061605951555377,
    0.9109937079782705,
    0.9149916219920478,
    0.9077609554193774,
    0.9143868482427399,
    0.9140796702547298,
    0.9115740053311219,
    0.9128157855702239,
    0.9075611697520533,
    0.9163074716442127,
    0.9089005030342054,
    0.9159445123953001
  ],