{
  "loss": [
    2.143919235394325,
    1.9161029122704132,
    1.7434565973029565,
    1.6342397044365158,
    1.5671780924317698,
    1.5126589386130977,
    1.4811896406574014,
    1.4404647769961618,
    1.4136410671146669,
    1.3847056091567616,
    1.3541754645224813,
    1.3322857928654503,
    1.3032587259534805,
    1.2863267270766028,
    1.2692411300366517,
    1.2523179576089984,
    1.2326342366990588,
    1.227964597866859,
    1.2043023844875356,
    1.1978676259412546,
    1.1843153743306585,
    1.1765198205093437,
    1.1699829138145246,
    1.1652945354922528,
    1.1564900812438346,
    1.1538010508084844,
    1.1467036700963553,
    1.147096948060199,
    1.1451199391952056,
    1.1464728539793159
  ],
  "val_acc": [
    0.28703703703703703,
    0.31851851851851853,
    0.37469135802469133,
    0.3814814814814815,
    0.3802469135802469,
    0.3506172839506173,
    0.4648148148148148,
    0.40925925925925927,
    0.41172839506172837,
    0.4462962962962963,
    0.41790123456790124,
    0.42160493827160495,
    0.46111111111111114,
    0.42962962962962964,
    0.4691358024691358,
    0.454320987654321,
    0.4845679012345679,
    0.4845679012345679,
    0.4783950617283951,
    0.4919753086419753,
    0.49876543209876545,
    0.4993827160493827,
    0.4962962962962963,
    0.5117283950617284,
    0.5067901234567901,
    0.5203703703703704,
    0.5080246913580246,
    0.5098765432098765,
    0.5160493827160494,
    0.5080246913580246
  ],
  "val_f1": [
    0.15091817571890473,
    0.2474717152001189,
    0.25336379027061884,
    0.2602961579609589,
    0.26385005030119163,
    0.22295735182975993,
    0.35477233094111815,
    0.28429967451919685,
    0.29276409006617976,
    0.3429402129418021,
    0.30872107612213434,
    0.31683136749177576,
    0.34599330140455176,
    0.32064183434539284,
    0.3591061250197104,
    0.36417244280719474,
    0.3888322042884217,
    0.3912357946245924,
    0.3930638481815754,
    0.40335568315462866,
    0.4093826161430781,
    0.41512575738404384,
    0.4160287852147424,
    0.4304098033221403,
    0.4281699657785995,
    0.4396873013768506,
    0.4261488120822262,
    0.4319950909211158,
    0.43627075767673207,
    0.42567291277373026
  ],
  "epoch_times": [
    36.784093141555786,
    31.584885597229004,
    32.28343343734741,
    31.64338779449463,
    32.4973418712616,
    31.71439218521118,
    31.618120670318604,
    32.42746686935425,
    31.268472909927368,
    29.30671215057373,
    31.608792066574097,
    31.572322845458984,
    30.967400312423706,
    31.471717596054077,
    28.09127712249756,
    32.60654330253601,
    31.45430064201355,
    31.854024648666382,
    31.028287410736084,
    31.158053159713745,
    31.47285223007202,
    31.98652148246765,
    31.12398672103882,
    28.68319869041443,
    30.94584345817566,
    30.856603622436523,
    31.43216037750244,
    31.343584775924683,
    31.11662006378174,
    31.30386447906494
  ],
  "strategy": "frozen",
  "parameters": {
    "total": 359578,
    "trainable": 359530
  },
  "best_acc": 0.5203703703703704,
  "best_f1": 0.4396873013768506,
  "avg_epoch_time": 31.44020872116089
}