{
  "loss": [
    1.8355869113242604,
    1.6464647979753149
  ],
  "val_acc": [
    0.5518518518518518,
    0.5888888888888889
  ],
  "val_f1": [
    0.49450444094696183,
    0.5493366246810291
  ],
  "epoch_times": [
    64.96631646156311,
    61.227723836898804
  ],
  "strategy": "frozen",
  "backbone": "lenet_improved",
  "parameters": {
    "total": 2225546,
    "trainable": 2225408
  },
  "best_acc": 0.5888888888888889,
  "best_f1": 0.5493366246810291,
  "avg_epoch_time": 63.09702014923096
}