{
  "loss": [
    2.237529238191231,
    2.048408136081864,
    1.9182392215392368,
    1.8187208922451765,
    1.7389735301335654,
    1.67099002584999,
    1.6042883706891768,
    1.5420518140523731,
    1.4870611690339588,
    1.4377266023104363,
    1.3965519756656897,
    1.3537354957910233,
    1.3101504732902298,
    1.268701020035584,
    1.2349456985160787,
    1.2136196595861377,
    1.1776724047131009,
    1.141969583148048,
    1.1058321324185298,
    1.0898781326082019,
    1.060496759940287,
    1.0289541962706013,
    1.0112920100096041,
    0.99053989865372,
    0.9766943982248794,
    0.9454277457383574,
    0.9310345105603469,
    0.9156730607914125,
    0.8981015060734286,
    0.887392306706262,
    0.8588258695770613,
    0.8584924801527087,
    0.844052510391888,
    0.8249290718393141,
    0.8276693359884636,
    0.8101228895221018,
    0.7944254685751765,
    0.7944606035054256,
    0.7895946148211364,
    0.7789507513954526,
    0.7855833849789183,
    0.7785620019128924,
    0.7648980395714021,
    0.7642116633252072,
    0.7659139724425328,
    0.7628476310659338,
    0.7632358037184996,
    0.7471201802477424,
    0.7604532917340596,
    0.7472480061613483
  ],
  "val_acc": [
    0.23765432098765432,
    0.36728395061728397,
    0.42345679012345677,
    0.45740740740740743,
    0.4617283950617284,
    0.4580246913580247,
    0.4925925925925926,
    0.4993827160493827,
    0.5092592592592593,
    0.5530864197530864,
    0.571604938271605,
    0.5981481481481481,
    0.5753086419753086,
    0.587037037037037,
    0.5901234567901235,
    0.5796296296296296,
    0.604320987654321,
    0.6018518518518519,
    0.6061728395061728,
    0.6092592592592593,
    0.6172839506172839,
    0.6481481481481481,
    0.6240740740740741,
    0.6475308641975308,
    0.6530864197530865,
    0.6432098765432098,
    0.6697530864197531,
    0.6839506172839506,
    0.7030864197530864,
    0.7092592592592593,
    0.6925925925925925,
    0.691358024691358,
    0.6962962962962963,
    0.7086419753086419,
    0.7104938271604938,
    0.7209876543209877,
    0.7098765432098766,
    0.7061728395061728,
    0.7228395061728395,
    0.7098765432098766,
    0.721604938271605,
    0.7148148148148148,
    0.7203703703703703,
    0.7086419753086419,
    0.721604938271605,
    0.7197530864197531,
    0.7246913580246913,
    0.7209876543209877,
    0.7148148148148148,
    0.7228395061728395
  ],
  "val_f1": [
    0.1526436899033746,
    0.27140658684769225,
    0.3591186149220147,
    0.39373995408666485,
    0.40052358054235926,
    0.40151234237565914,
    0.4377459819222702,
    0.4488870570547679,
    0.4628401687900757,
    0.5076825833206615,
    0.5335433762869688,
    0.556230968192948,
    0.5411492287537161,
    0.547761842722608,
    0.543219296771076,
    0.5448027072576973,
    0.5603804660448951,
    0.559301907651325,
    0.5568925363040249,
    0.5740873063790828,
    0.5784887972515385,
    0.6228690417931644,
    0.594896387428088,
    0.6225577536795985,
    0.6307069500488998,
    0.6170843548294382,
    0.6508357381204044,
    0.6619409538904499,
    0.6853875693360381,
    0.697124188844618,
    0.6758153963906821,
    0.6766896624737497,
    0.6833968381048,
    0.695697303447129,
    0.6976620262971619,
    0.7049044782860336,
    0.6969458740173273,
    0.6928633117079236,
    0.7086150780773284,
    0.6956712722685772,
    0.7087040494796268,
    0.7003452197436985,
    0.7079967775439745,
    0.6971725155073967,
    0.7102366230592904,
    0.7071689924357731,
    0.7121273990092917,
    0.7091588308252468,
    0.7023571976247645,
    0.7111153372349843
  ],
  "epoch_times": [
    37.807597637176514,
    34.359827280044556,
    33.38154077529907,
    33.67079138755798,
    33.836021184921265,
    35.30853748321533,
    35.463945150375366,
    35.09713959693909,
    34.884923696517944,
    34.804049253463745,
    33.70330882072449,
    33.21951222419739,
    32.74002933502197,
    30.384265422821045,
    32.3077130317688,
    36.61644959449768,
    36.8713641166687,
    33.76749062538147,
    32.15303087234497,
    32.49594736099243,
    32.405766010284424,
    32.97322177886963,
    33.02604532241821,
    33.298370122909546,
    32.850626945495605,
    33.085811138153076,
    32.987632513046265,
    33.048999071121216,
    33.987488985061646,
    32.75407409667969,
    33.17620849609375,
    32.80018973350525,
    33.52703380584717,
    32.76652121543884,
    33.490211725234985,
    32.852909564971924,
    32.87952470779419,
    33.141804218292236,
    32.661468744277954,
    33.71235704421997,
    32.86889147758484,
    33.593480348587036,
    33.57542681694031,
    32.2722065448761,
    32.21176791191101,
    33.04047179222107,
    32.77579426765442,
    33.18612718582153,
    32.817936182022095,
    33.6015522480011
  ],
  "strategy": "frozen",
  "parameters": {
    "total": 359578,
    "trainable": 359530
  },
  "best_acc": 0.7246913580246913,
  "best_f1": 0.7121273990092917,
  "avg_epoch_time": 33.484868097305295
}