{
  "loss": [
    2.178904574846675,
    1.9941308150636246,
    1.845725985557314,
    1.7141667303374626,
    1.6131472535444524,
    1.5407091160930653,
    1.4613139715985226,
    1.4003250452156,
    1.3394873223817747,
    1.286310526386981,
    1.2394155069633765,
    1.1944184648507066,
    1.166213817571206,
    1.1273769027551857,
    1.1011323769046306,
    1.070281675631407,
    1.0486672378090955,
    1.0340256949581166,
    1.0130851196864294,
    0.9947641013160584,
    0.9748609463794311,
    0.9754861249915296,
    0.9557833627628481,
    0.9486241106003049,
    0.9414345860271016,
    0.9449688249164158,
    0.9312837869822453,
    0.938967903623295,
    0.9312418200982311,
    0.9349533217293876
  ],
  "val_acc": [
    0.3277777777777778,
    0.37222222222222223,
    0.4327160493827161,
    0.43333333333333335,
    0.5104938271604939,
    0.5117283950617284,
    0.5364197530864198,
    0.5234567901234568,
    0.5728395061728395,
    0.4734567901234568,
    0.5561728395061728,
    0.5938271604938271,
    0.6135802469135803,
    0.582716049382716,
    0.5549382716049382,
    0.6222222222222222,
    0.6382716049382716,
    0.6296296296296297,
    0.6320987654320988,
    0.6234567901234568,
    0.6376543209876543,
    0.6222222222222222,
    0.6444444444444445,
    0.6469135802469136,
    0.6450617283950617,
    0.6364197530864197,
    0.645679012345679,
    0.6419753086419753,
    0.641358024691358,
    0.645679012345679
  ],
  "val_f1": [
    0.20071652916885369,
    0.26813214109674777,
    0.3664424108475412,
    0.33634780947610565,
    0.39382281226058335,
    0.398120922166452,
    0.4355432147425038,
    0.4399319632384791,
    0.5059171018305055,
    0.4217997447216336,
    0.49325758560666466,
    0.5295114667678753,
    0.5519434240585488,
    0.5248271499198089,
    0.5051912044048087,
    0.5595853195861189,
    0.578214851108062,
    0.5715831628242681,
    0.5763982392691781,
    0.5670818171068923,
    0.5762909264300669,
    0.5684307037368329,
    0.5854703135487239,
    0.5889597692083841,
    0.5877048186955423,
    0.5780243255891525,
    0.5859588156472506,
    0.5808674837624521,
    0.5815342506630798,
    0.5840207689221979
  ],
  "epoch_times": [
    49.048352003097534,
    53.28017044067383,
    52.51529121398926,
    46.97177743911743,
    52.253650188446045,
    48.386317014694214,
    47.57038712501526,
    52.36687517166138,
    49.75952863693237,
    51.13585710525513,
    48.878610134124756,
    47.233479499816895,
    51.251285552978516,
    46.227555990219116,
    46.40798997879028,
    50.32481527328491,
    48.18352484703064,
    51.97052478790283,
    46.721242904663086,
    47.517762899398804,
    47.51318097114563,
    49.267104625701904,
    47.30768299102783,
    46.688135862350464,
    50.00748944282532,
    43.5285747051239,
    48.629788875579834,
    52.44891667366028,
    48.80907869338989,
    51.02608370780945
  ],
  "strategy": "scratch",
  "parameters": {
    "total": 359578,
    "trainable": 359578
  },
  "best_acc": 0.6469135802469136,
  "best_f1": 0.5889597692083841,
  "avg_epoch_time": 49.10770115852356
}