{
    "loss": [
        2.1902823645812073,
        1.9758256095637299,
        1.8059672269871625,
        1.7017518492182306,
        1.628716812478592,
        1.5612492218639906,
        1.4937481014396359,
        1.448597315169306,
        1.3885605839404689,
        1.3478716734225158,
        1.2976313833206419,
        1.260227352727658,
        1.2335386766117507,
        1.1943678186894304,
        1.1669736943337443,
        1.1600784464487954,
        1.135413320775175,
        1.1130377571418804,
        1.079071898035692,
        1.0706555259290826
    ],
    "val_acc": [
        0.2919753086419753,
        0.3333333333333333,
        0.29814814814814816,
        0.4,
        0.43209876543209874,
        0.4302469135802469,
        0.4351851851851852,
        0.46728395061728395,
        0.4623456790123457,
        0.5080246913580246,
        0.5135802469135803,
        0.47716049382716047,
        0.5018518518518519,
        0.5006172839506173,
        0.4802469135802469,
        0.5339506172839507,
        0.5382716049382716,
        0.5395061728395062,
        0.5407407407407407,
        0.45987654320987653
    ],
    "val_f1": [
        0.21156039915127584,
        0.22089652841417656,
        0.18950682396157534,
        0.2942069953233536,
        0.32544452193062645,
        0.3206233393794051,
        0.32588782278260237,
        0.37609293577617847,
        0.39220546519726585,
        0.4277370344705851,
        0.4386976613328276,
        0.40221047995877524,
        0.4262310692775932,
        0.4261671458001353,
        0.4053643191467454,
        0.4588058508475535,
        0.4719071423019464,
        0.4761037979334791,
        0.4801377842320484,
        0.40569918935585536
    ],
    "epoch_times": [
        46.64380669593811,
        43.892497539520264,
        45.6459105014801,
        45.61684274673462,
        47.39186882972717,
        44.66849994659424,
        41.6846067905426,
        42.372599601745605,
        43.68559646606445,
        44.77437090873718,
        44.653127670288086,
        47.218952894210815,
        43.95628547668457,
        45.459115505218506,
        43.59199643135071,
        45.12077355384827,
        45.949644804000854,
        45.46466040611267,
        44.60902118682861,
        45.08395767211914
    ]
}