{
  "loss": [
    1.595479298142529,
    1.3301059722059407,
    1.24202926209364,
    1.1340542953901611,
    1.0770930420574478,
    1.0132761124790872,
    0.9803627731518351,
    0.94936307204043,
    0.9224137362138725,
    0.8957452235398469,
    0.8768499638458198,
    0.8314381180196422,
    0.8349460644696756,
    0.8109261722161025,
    0.7836842706804763,
    0.7346721847852071,
    0.7246398038018949,
    0.7037906073598845,
    0.6929977456938863,
    0.6719943930442581,
    0.6655282547864965,
    0.6390610697933816,
    0.6270564067510911,
    0.6169436106606135,
    0.6272180672465598,
    0.5902004989366683,
    0.5724147847089818,
    0.5618891440371357,
    0.5423077138643416,
    0.544022731680088,
    0.5371764749866734,
    0.52239341147152,
    0.5046290455671846,
    0.4969204820653118,
    0.4892948124143812,
    0.4799596898034346,
    0.473431509470393,
    0.46170305675930445,
    0.46915036820440276,
    0.46145099247994664,
    0.45903893730207307,
    0.4405363497700431,
    0.4503582587107569,
    0.44613992715849027,
    0.4397429277026464,
    0.44501605496414964,
    0.43820571268677083,
    0.4455852253727181,
    0.43232782665489,
    0.43525901198176903
  ],
  "val_acc": [
    0.43580246913580245,
    0.4104938271604938,
    0.46111111111111114,
    0.4666666666666667,
    0.43333333333333335,
    0.5654320987654321,
    0.5641975308641975,
    0.5746913580246914,
    0.4265432098765432,
    0.6728395061728395,
    0.7080246913580247,
    0.7185185185185186,
    0.6864197530864198,
    0.38271604938271603,
    0.5296296296296297,
    0.4876543209876543,
    0.4506172839506173,
    0.4191358024691358,
    0.7598765432098765,
    0.6709876543209876,
    0.5370370370370371,
    0.6438271604938272,
    0.6191358024691358,
    0.7351851851851852,
    0.7524691358024691,
    0.7382716049382716,
    0.7722222222222223,
    0.75,
    0.7228395061728395,
    0.6444444444444445,
    0.6888888888888889,
    0.6919753086419753,
    0.6524691358024691,
    0.7635802469135803,
    0.7808641975308642,
    0.7722222222222223,
    0.7895061728395062,
    0.7814814814814814,
    0.7808641975308642,
    0.7802469135802469,
    0.7888888888888889,
    0.7870370370370371,
    0.7876543209876543,
    0.7882716049382716,
    0.7907407407407407,
    0.7895061728395062,
    0.7851851851851852,
    0.7888888888888889,
    0.7913580246913581,
    0.7907407407407407
  ],
  "val_f1": [
    0.3443214114799051,
    0.3281515484783782,
    0.4098785789135434,
    0.409534198146502,
    0.3835957546520179,
    0.519250336333183,
    0.5347915985083589,
    0.5610523400709836,
    0.4128951038523699,
    0.654202338179408,
    0.6855490848197675,
    0.7042701454178875,
    0.6670543031595556,
    0.32755547922971173,
    0.48704318862483725,
    0.4510993140101978,
    0.41613403111486696,
    0.3618711142605647,
    0.7472688565001983,
    0.6584142929089736,
    0.5114495152040585,
    0.6310133783099989,
    0.5901543546414038,
    0.7202623423642078,
    0.7388563022142026,
    0.7231652346763632,
    0.7617317289947452,
    0.7370266841262427,
    0.716339402550838,
    0.6234488590395821,
    0.6675213436850354,
    0.6817096884717904,
    0.645160664951508,
    0.7480290552485616,
    0.7722184196718065,
    0.762614116983902,
    0.778291617534013,
    0.7688205935449881,
    0.7710090587902375,
    0.7679840641135288,
    0.776996411097284,
    0.7768960023246507,
    0.7763588421181602,
    0.7754329154188196,
    0.7783454669024901,
    0.7787356384441175,
    0.7729336209141098,
    0.7767375095936673,
    0.7810373533671677,
    0.7789068529181582
  ],
  "epoch_times": [
    69.96050238609314,
    73.33217549324036,
    70.13990592956543,
    73.24949145317078,
    70.60038232803345,
    71.82176470756531,
    69.03911924362183,
    71.28014659881592,
    70.33062505722046,
    72.45933198928833,
    74.34074568748474,
    73.34294724464417,
    72.79920935630798,
    74.52645659446716,
    71.52208590507507,
    71.05446028709412,
    71.37450098991394,
    72.52980136871338,
    76.56817579269409,
    72.67838525772095,
    71.92803859710693,
    71.83720898628235,
    70.59879469871521,
    69.49325060844421,
    72.46254348754883,
    72.23242616653442,
    68.90989184379578,
    69.69949197769165,
    71.64597630500793,
    71.27376174926758,
    71.23197388648987,
    72.25014925003052,
    71.49792957305908,
    71.85060691833496,
    69.13296604156494,
    70.80874848365784,
    68.9028389453888,
    70.14067721366882,
    73.18249893188477,
    71.12266397476196,
    70.71077370643616,
    70.8569540977478,
    73.35652279853821,
    73.33307123184204,
    70.7215690612793,
    72.30102896690369,
    71.6202621459961,
    70.64018130302429,
    69.11526799201965,
    71.83207893371582
  ],
  "strategy": "distilled",
  "parameters": {
    "total": 359578,
    "trainable": 359578
  },
  "best_acc": 0.7913580246913581,
  "best_f1": 0.7810373533671677,
  "avg_epoch_time": 71.5528072309494
}