{
  "loss": [
    1.821433708528993,
    1.4975041066527996,
    1.3789533462473955,
    1.305634571046846,
    1.2668761522891872,
    1.2032141063158686,
    1.144408722991876,
    1.1164441670059526,
    1.0558078945418934,
    0.9986522227578273,
    0.9717992517052504,
    0.948835965985764,
    0.8790878895939552,
    0.794832286485709,
    0.7693070770413787,
    0.741808209080755,
    0.707369444988392,
    0.688345264358285,
    0.6578514847700768,
    0.6402892537533291,
    0.6128678480784099,
    0.605948698247341,
    0.5773655464409521,
    0.5400470618848447,
    0.5521572290694693,
    0.5321506164586943,
    0.5040416236697471,
    0.4777827565421924,
    0.47301971014635064,
    0.45557740944613434,
    0.42590552940570486,
    0.4244111338094849,
    0.4095609695823104,
    0.39982782345810475,
    0.39616737570712174,
    0.3777780024252661,
    0.370965826027818,
    0.36911522976305117,
    0.35915756143064514,
    0.3447540810394119,
    0.3471307664846827,
    0.32682776640331934,
    0.33643526357107484,
    0.32224735348523187,
    0.3191556216757975,
    0.31065729728241237,
    0.3170121569048475,
    0.31537950068344306,
    0.30868977142179244,
    0.31277451556195657
  ],
  "val_acc": [
    0.36790123456790125,
    0.3512345679012346,
    0.4802469135802469,
    0.38950617283950617,
    0.5271604938271605,
    0.5092592592592593,
    0.19012345679012346,
    0.5432098765432098,
    0.554320987654321,
    0.5734567901234567,
    0.6246913580246913,
    0.6419753086419753,
    0.6506172839506172,
    0.667283950617284,
    0.725925925925926,
    0.7382716049382716,
    0.641358024691358,
    0.7024691358024692,
    0.6851851851851852,
    0.6135802469135803,
    0.5740740740740741,
    0.7401234567901235,
    0.7537037037037037,
    0.7296296296296296,
    0.7709876543209877,
    0.7839506172839507,
    0.5888888888888889,
    0.7228395061728395,
    0.7209876543209877,
    0.6401234567901235,
    0.7493827160493827,
    0.7709876543209877,
    0.7771604938271605,
    0.7654320987654321,
    0.7975308641975308,
    0.754320987654321,
    0.7728395061728395,
    0.7944444444444444,
    0.8024691358024691,
    0.7987654320987654,
    0.8061728395061728,
    0.782716049382716,
    0.804320987654321,
    0.8037037037037037,
    0.7981481481481482,
    0.8117283950617284,
    0.808641975308642,
    0.8123456790123457,
    0.8111111111111111,
    0.8135802469135802
  ],
  "val_f1": [
    0.2670998054515955,
    0.2868768826657361,
    0.42913002823490815,
    0.3387950093931137,
    0.4807796968152559,
    0.46073645460231943,
    0.11925040938372447,
    0.49642645586144063,
    0.5135896323907321,
    0.5215111239587029,
    0.5877073003800108,
    0.6137908396053239,
    0.6276584042515547,
    0.6549250977251208,
    0.709041464781328,
    0.7262430028527176,
    0.6362043511385506,
    0.6903594008294137,
    0.6808130421956555,
    0.6023958771038237,
    0.5479138426178864,
    0.7305001213466203,
    0.7439387309129504,
    0.7172355382082745,
    0.7610457440414099,
    0.7710177659242107,
    0.5728599612269613,
    0.7112800763879809,
    0.7084651510604527,
    0.6220116624244652,
    0.7367712531114269,
    0.7574479300573127,
    0.7674073964770257,
    0.7557079230802102,
    0.7855922519659175,
    0.7375460670445381,
    0.7614239622333879,
    0.7812222215943725,
    0.7892972929887209,
    0.787654948635854,
    0.7947577487835985,
    0.768752759936002,
    0.7929442380223974,
    0.791009613558818,
    0.785857203198308,
    0.8020180558829362,
    0.7960951520229393,
    0.8011494729601247,
    0.7987883498650181,
    0.801713206609144
  ],
  "epoch_times": [
    33.946590423583984,
    33.1746826171875,
    32.8050377368927,
    32.745347023010254,
    32.61816716194153,
    49.95720648765564,
    52.95396447181702,
    50.08171987533569,
    52.31706237792969,
    50.70678782463074,
    51.41652798652649,
    51.88209915161133,
    50.324187994003296,
    50.964428186416626,
    50.49675679206848,
    50.76054573059082,
    51.11250448226929,
    51.607250928878784,
    50.26451873779297,
    50.40829944610596,
    50.849289417266846,
    47.660019636154175,
    47.76740050315857,
    48.6174898147583,
    48.86415767669678,
    49.634114027023315,
    48.557302474975586,
    49.040061950683594,
    49.013211727142334,
    46.77493119239807,
    48.01163387298584,
    49.41180181503296,
    48.44849371910095,
    48.539838552474976,
    48.73691368103027,
    48.60682940483093,
    49.0619752407074,
    49.47153306007385,
    49.516857862472534,
    49.363677978515625,
    49.09313988685608,
    49.05586242675781,
    48.77995467185974,
    49.11589002609253,
    48.53286933898926,
    49.380287647247314,
    52.03584384918213,
    48.02313423156738,
    48.089502811431885,
    47.86460781097412
  ],
  "strategy": "finetuned",
  "parameters": {
    "total": 359578,
    "trainable": 359530
  },
  "best_acc": 0.8135802469135802,
  "best_f1": 0.8020180558829362,
  "avg_epoch_time": 47.929246234893796
}