{
  "loss": [
    1.8307670967078504,
    1.5411593032261681,
    1.4159167174939755,
    1.3363534399651555,
    1.2647462084179832,
    1.189567373227821,
    1.129880949345005,
    1.0962610051324968,
    1.045584888895563,
    1.0193591117438396,
    0.9817886718787003,
    0.942961842210625,
    0.902602101171248,
    0.8627253442845016,
    0.8865314122861024,
    0.8103620662891045,
    0.8058272392240992,
    0.7728376413779284,
    0.8663489639023204,
    0.7516431862504814,
    0.690661836553503,
    0.6562473689227297,
    0.6369532370903714,
    0.6372876933853042,
    0.6054986992210307,
    0.5857185983468616,
    0.5714600855080539,
    0.5674302133933576,
    0.5648306526992687,
    0.5404568917326616,
    0.5547304982020531,
    0.5019940030848118,
    0.49757337809870483,
    0.48063344856628876,
    0.47128917013526594,
    0.45569657097838334,
    0.43450107680111333,
    0.4580926569471073,
    0.4184828606232133,
    0.39822119043407406,
    0.4112091391385127,
    0.37406306019746016,
    0.3816372303945888,
    0.36883718083354744,
    0.3656898644866136,
    0.3604581434575338,
    0.35110688208482466,
    0.33807334688079843,
    0.3313245913312759,
    0.3081839287512307,
    0.32554182079103255,
    0.3025158770185299,
    0.2966914391969667,
    0.2945294970032189,
    0.2868164596629101,
    0.28197729980714314,
    0.27058077287421656,
    0.2804170610741228,
    0.24733932474513112,
    0.25135819957816624,
    0.2444433416323687,
    0.2464202273065451,
    0.24966489539154832,
    0.2503286856612621,
    0.2344271671099217,
    0.21896360946237725,
    0.23289326556040077,
    0.20635806021446484,
    0.2135800509909053,
    0.21347265404368204,
    0.201735132117304,
    0.2119652300021846,
    0.19306884280272893,
    0.19210392925264133,
    0.18286378509521065,
    0.18804549446470734,
    0.18849922968386762,
    0.1853905519638112,
    0.18354242600802811,
    0.18407603203856124,
    0.18203712984052284,
    0.17110718248224763,
    0.1668205785977357,
    0.17373528486048734,
    0.17301241054316258,
    0.17118732174053605,
    0.1569288728361197,
    0.15981679039841395,
    0.16628858945357106,
    0.15879695778696204,
    0.16783462793318263,
    0.1644795206804124,
    0.15369763560921637,
    0.15970714998150629,
    0.15669648224977378,
    0.1536311700703606,
    0.1581732721345555,
    0.15263015266764102,
    0.16687141602737351,
    0.16044485515387602
  ],
  "val_acc": [
    0.36790123456790125,
    0.3135802469135803,
    0.4660493827160494,
    0.3907407407407407,
    0.5388888888888889,
    0.5895061728395061,
    0.29444444444444445,
    0.5012345679012346,
    0.4203703703703704,
    0.45987654320987653,
    0.5209876543209877,
    0.5962962962962963,
    0.5703703703703704,
    0.15555555555555556,
    0.65,
    0.5691358024691358,
    0.5358024691358024,
    0.6555555555555556,
    0.5765432098765432,
    0.7407407407407407,
    0.7098765432098766,
    0.7432098765432099,
    0.7561728395061729,
    0.7530864197530864,
    0.7530864197530864,
    0.7141975308641976,
    0.7037037037037037,
    0.7475308641975309,
    0.7246913580246913,
    0.6209876543209877,
    0.6709876543209876,
    0.7567901234567901,
    0.7530864197530864,
    0.6691358024691358,
    0.6969135802469136,
    0.7716049382716049,
    0.7277777777777777,
    0.7209876543209877,
    0.7,
    0.778395061728395,
    0.7240740740740741,
    0.7487654320987654,
    0.7327160493827161,
    0.7561728395061729,
    0.7240740740740741,
    0.7895061728395062,
    0.678395061728395,
    0.7092592592592593,
    0.6709876543209876,
    0.7129629629629629,
    0.762962962962963,
    0.7895061728395062,
    0.7746913580246914,
    0.782716049382716,
    0.7876543209876543,
    0.7067901234567902,
    0.7746913580246914,
    0.7444444444444445,
    0.7845679012345679,
    0.7851851851851852,
    0.7790123456790123,
    0.774074074074074,
    0.7623456790123457,
    0.7765432098765432,
    0.7814814814814814,
    0.778395061728395,
    0.7839506172839507,
    0.774074074074074,
    0.7734567901234568,
    0.7728395061728395,
    0.7728395061728395,
    0.7839506172839507,
    0.7907407407407407,
    0.7950617283950617,
    0.7771604938271605,
    0.7851851851851852,
    0.7901234567901234,
    0.7870370370370371,
    0.7895061728395062,
    0.8012345679012346,
    0.7987654320987654,
    0.7944444444444444,
    0.7932098765432098,
    0.7888888888888889,
    0.7895061728395062,
    0.7962962962962963,
    0.7944444444444444,
    0.7932098765432098,
    0.7882716049382716,
    0.7901234567901234,
    0.7907407407407407,
    0.7895061728395062,
    0.7925925925925926,
    0.7938271604938272,
    0.7895061728395062,
    0.7956790123456791,
    0.7882716049382716,
    0.7944444444444444,
    0.7901234567901234,
    0.7962962962962963
  ],
  "val_f1": [
    0.27026097753410067,
    0.23137795531970123,
    0.4133324620236933,
    0.32252939422151006,
    0.49322522028491267,
    0.5596828178932212,
    0.24796617959952355,
    0.4324985736272242,
    0.36463667005993056,
    0.4204293738962341,
    0.5060629603058562,
    0.5791791653792477,
    0.5575420479109268,
    0.08334724492961076,
    0.6308441370976439,
    0.5549178503427774,
    0.507768218119375,
    0.6445856130846244,
    0.5629854964809385,
    0.7215375637766052,
    0.6944667480966509,
    0.7267332211763093,
    0.7402626274754522,
    0.740868341090512,
    0.7391821606332935,
    0.7047058432943276,
    0.6855214872592477,
    0.7339839364939611,
    0.7106972896023015,
    0.6061444779481228,
    0.6531078584233068,
    0.743148732217156,
    0.7411041428108331,
    0.6574581594603475,
    0.6871387324539436,
    0.7578434019080206,
    0.7206045962431247,
    0.7037507167421191,
    0.6920091393824372,
    0.7674726172660831,
    0.7175372880570219,
    0.7429951458935866,
    0.7193453142674209,
    0.7445209095501361,
    0.7148579949913355,
    0.7811067458511733,
    0.6662536322409831,
    0.6996746763472234,
    0.6568486266592932,
    0.6999898513433155,
    0.7571066181058093,
    0.7807128219573656,
    0.7649714588748537,
    0.768914885431835,
    0.7764907973620752,
    0.6917713864487075,
    0.7641027283567422,
    0.7361676643308883,
    0.774460705031703,
    0.7746328643301795,
    0.7674665010876993,
    0.7614510995314272,
    0.7473474373829385,
    0.763992453344925,
    0.7679706435716162,
    0.7644845383926216,
    0.7728404728452888,
    0.7623594783755113,
    0.760059762550837,
    0.7615261803049239,
    0.7567580579079871,
    0.7734943390189879,
    0.7791289971765527,
    0.7834604035153221,
    0.7660029629916089,
    0.7720575099712369,
    0.7767333500464032,
    0.773116376117985,
    0.7766783615258138,
    0.7891105681443081,
    0.7868980888523717,
    0.7827541978889274,
    0.7805309035909354,
    0.7776786860826765,
    0.7781273811465047,
    0.7845953904941506,
    0.7825890493135266,
    0.7823985868141408,
    0.777681435975486,
    0.7780991126430649,
    0.7796019921838319,
    0.7778959176118796,
    0.7819486564140765,
    0.7833472882953908,
    0.7776282404301436,
    0.7847041456042078,
    0.7760659463000344,
    0.783215124560839,
    0.779118180775202,
    0.7858862475922594
  ],