{
    "loss": [
        2.104260074889078,
        1.9468056489831205,
        1.8822425822522064,
        1.8338578857442058,
        1.7994798933457514,
        1.7554713432260431,
        1.7204962589683286,
        1.6922477345688072,
        1.6556345696031591,
        1.6119826802921464,
        1.6042838503093597,
        1.5629130100797444,
        1.516385194766108,
        1.4960744981552698,
        1.4528834336228682,
        1.4228067365132802,
        1.3729040136342887,
        1.3436144113120159,
        1.306045429136107,
        1.3145244465653578,
        1.2590239406823411,
        1.2436545100512049,
        1.1810160114931962,
        1.1596174157415677,
        1.1264938186505904,
        1.100653183663473,
        1.0724934771928558,
        1.042405540420335,
        1.0044657329753313,
        0.9952396744493174
    ],
    "val_acc": [
        0.5246913580246914,
        0.6090534979423868,
        0.6625514403292181,
        0.6646090534979424,
        0.6584362139917695,
        0.7757201646090535,
        0.8415637860082305,
        0.8415637860082305,
        0.831275720164609,
        0.8580246913580247,
        0.8209876543209876,
        0.845679012345679,
        0.823045267489712,
        0.831275720164609,
        0.8539094650205762,
        0.8477366255144033,
        0.8333333333333334,
        0.8497942386831275,
        0.8539094650205762,
        0.8374485596707819,
        0.8168724279835391,
        0.8497942386831275,
        0.8292181069958847,
        0.823045267489712,
        0.8436213991769548,
        0.845679012345679,
        0.8395061728395061,
        0.845679012345679,
        0.8436213991769548,
        0.7818930041152263
    ],
    "val_f1": [
        0.3987619836648511,
        0.5111357665285925,
        0.5572815159481507,
        0.5556801376512825,
        0.5522465807752206,
        0.7269296689946259,
        0.7931168617405187,
        0.795707562875502,
        0.7840761999854446,
        0.8087036788407064,
        0.7797729650924505,
        0.7961699989764707,
        0.7819825790121301,
        0.7819519032093136,
        0.8071283759160618,
        0.800512501000229,
        0.784283487839654,
        0.8011681003547411,
        0.8051070077335577,
        0.7908150233051628,
        0.7683882174084672,
        0.8031299139619861,
        0.7834509694114671,
        0.7768842396887814,
        0.7981781220028592,
        0.7969674500835976,
        0.7905578978402874,
        0.7989581203752258,
        0.7976158539542488,
        0.730277313684013
    ],
    "val_auc": [
        0.9350212535289268,
        0.9484308685937647,
        0.9583141629029013,
        0.9569151922844314,
        0.9535936770541118,
        0.9592979895620642,
        0.9539276189098201,
        0.9638526262713318,
        0.960408269002974,
        0.9603161022917558,
        0.9557856549249941,
        0.9620042525647101,
        0.94860160317195,
        0.9532587852487178,
        0.9684152498167912,
        0.9605798808780717,
        0.9536240776437989,
        0.9636705760208022,
        0.9742171528841206,
        0.9692459352211156,
        0.94612716485238,
        0.9776124580605743,
        0.9685416010912524,
        0.9587658176028091,
        0.974829867372429,
        0.9674029039881417,
        0.9624251200204267,
        0.9730858870350556,
        0.9714013059132798,
        0.9642057061685595
    ],
    "epoch_times": [
        27.059570789337158,
        20.88347816467285,
        22.9008731842041,
        20.386679887771606,
        20.902378797531128,
        20.45589566230774,
        22.420220136642456,
        21.4646053314209,
        21.381956577301025,
        22.062588930130005,
        21.631037950515747,
        21.27858281135559,
        20.766379833221436,
        21.790140867233276,
        21.398345232009888,
        21.745219230651855,
        20.430964708328247,
        21.688632488250732,
        21.90096640586853,
        21.0440731048584,
        20.291199684143066,
        21.51001763343811,
        20.5223650932312,
        20.705173015594482,
        21.01413893699646,
        21.962284803390503,
        20.722941637039185,
        23.300284147262573,
        21.942466974258423,
        22.023277521133423
    ]
}