{
  "loss": [
    2.2144115292416258,
    2.0342111189739622,
    1.883418472439734,
    1.7735775851698778,
    1.6826078116788645,
    1.600605419031106,
    1.5409873669319893,
    1.4815656106938762,
    1.4320441430628406,
    1.39091355010105,
    1.3619305470633127,
    1.3260119096732434,
    1.2929962412179883,
    1.2598945490687403,
    1.2374161046228291,
    1.2148396870867075,
    1.1916091365999226,
    1.1720683605792872,
    1.1435434433938754,
    1.130161827834195,
    1.104118853944109,
    1.0843098063527803,
    1.0703009774445227,
    1.0441296328943241,
    1.029166455117483,
    1.027000371320748,
    1.006248877309197,
    0.9949739468371006,
    0.9859569035089415,
    0.9739607878252733,
    0.9579662078482344,
    0.9409061396983986,
    0.9428247393333933,
    0.9324517623877819,
    0.924561871065244,
    0.9219064890392243,
    0.918906791815682,
    0.9048038077102136,
    0.9070575501763211,
    0.9071519653002421,
    0.8986643088978225,
    0.8889697056178273,
    0.8797161363630278,
    0.8856793016983718,
    0.8836478776612189,
    0.8815109583856358,
    0.8790910390739508,
    0.8738676353526914,
    0.8746611715624573,
    0.8811293988631516
  ],
  "val_acc": [
    0.2351851851851852,
    0.345679012345679,
    0.3765432098765432,
    0.37037037037037035,
    0.41358024691358025,
    0.445679012345679,
    0.42160493827160495,
    0.47098765432098766,
    0.4141975308641975,
    0.46358024691358024,
    0.46358024691358024,
    0.47160493827160493,
    0.48271604938271606,
    0.5438271604938272,
    0.5382716049382716,
    0.5358024691358024,
    0.5506172839506173,
    0.5456790123456791,
    0.5549382716049382,
    0.5203703703703704,
    0.5413580246913581,
    0.5339506172839507,
    0.5654320987654321,
    0.5617283950617284,
    0.5746913580246914,
    0.5654320987654321,
    0.5654320987654321,
    0.5728395061728395,
    0.5734567901234567,
    0.567283950617284,
    0.5679012345679012,
    0.5864197530864198,
    0.5796296296296296,
    0.5697530864197531,
    0.575925925925926,
    0.5888888888888889,
    0.5777777777777777,
    0.5845679012345679,
    0.5882716049382716,
    0.5895061728395061,
    0.582716049382716,
    0.5876543209876544,
    0.5802469135802469,
    0.578395061728395,
    0.5901234567901235,
    0.5888888888888889,
    0.5925925925925926,
    0.5858024691358025,
    0.5858024691358025,
    0.5802469135802469
  ],
  "val_f1": [
    0.1787264886164819,
    0.24661341394826017,
    0.273686711165101,
    0.2843179407848429,
    0.32353588153826546,
    0.3640657949241387,
    0.34286269918466233,
    0.39118821448850677,
    0.343622537180629,
    0.3788404010628119,
    0.38785442863856284,
    0.39989450116890757,
    0.4075209608697423,
    0.4695143546443193,
    0.4634265718255974,
    0.46176175737576297,
    0.4726536808941685,
    0.4742582077369235,
    0.48356187171402587,
    0.4486271004342564,
    0.467758501525982,
    0.46351480165864867,
    0.4906787626820138,
    0.4838724027987662,
    0.5029889140707722,
    0.49295097217270695,
    0.49450665226216384,
    0.4994835379213514,
    0.5034516440437151,
    0.4934908698316973,
    0.4925277777528844,
    0.5095822543167452,
    0.50581989078378,
    0.49612183258481046,
    0.5034623718915027,
    0.5179641530396808,
    0.5048671078015153,
    0.5121225517969656,
    0.51532422137424,
    0.5186256566224609,
    0.5106819588097163,
    0.5164460282048428,
    0.51004294715427,
    0.5061286682596828,
    0.5160844018265925,
    0.5190067868052862,
    0.5200234750694288,
    0.5139327799694637,
    0.512739650075235,
    0.5097731152478456
  ],
  "epoch_times": [
    48.121246576309204,
    46.67054080963135,
    48.516499757766724,
    48.23897862434387,
    49.95054793357849,
    48.82245707511902,
    47.8647677898407,
    48.28891682624817,
    48.369723320007324,
    46.993300437927246,
    47.47262144088745,
    49.858909130096436,
    48.17833638191223,
    48.42669749259949,
    48.531760931015015,
    51.4852454662323,
    49.863407135009766,
    48.39301037788391,
    48.9220449924469,
    49.17624354362488,
    47.93528079986572,
    48.32079863548279,
    18002.023912906647,
    47.31229209899902,
    48.41060256958008,
    49.23767399787903,
    49.21276330947876,
    47.97486591339111,
    49.89969778060913,
    47.212780714035034,
    46.790263175964355,
    48.53243446350098,
    47.81195783615112,
    47.40314745903015,
    47.16174101829529,
    45.85149836540222,
    48.37070035934448,
    47.72657299041748,
    46.64995765686035,
    48.58913850784302,
    47.64760136604309,
    49.49300718307495,
    47.0559868812561,
    47.9562885761261,
    46.90219283103943,
    47.36440563201904,
    46.92163276672363,
    46.302894115448,
    48.29612421989441,
    47.66850423812866
  ],
  "strategy": "scratch",
  "parameters": {
    "total": 359578,
    "trainable": 359578
  },
  "best_acc": 0.5925925925925926,
  "best_f1": 0.5200234750694288,
  "avg_epoch_time": 407.20363948822023
}