{
    "loss": [
        2.2990310600825716,
        2.0233711151849656,
        1.9240993068331764,
        1.8703126805169241,
        1.844609008516584,
        1.8295098577226911,
        1.8081885746547155,
        1.7933197180430094,
        1.7775858356839134,
        1.7672211192903065,
        1.7589716820489794,
        1.7560991525650025,
        1.7322363410677228,
        1.7192892278943743,
        1.6962229365394228,
        1.6821925390334356,
        1.6685284739448911,
        1.6618953579948061,
        1.6552978061494372,
        1.6352535770052956
    ],
    "val_acc": [
        0.3958333333333333,
        0.5625,
        0.5958333333333333,
        0.5916666666666667,
        0.6,
        0.6041666666666666,
        0.6291666666666667,
        0.6166666666666667,
        0.6083333333333333,
        0.625,
        0.6583333333333333,
        0.6875,
        0.6875,
        0.7,
        0.7083333333333334,
        0.7041666666666667,
        0.6958333333333333,
        0.7166666666666667,
        0.7166666666666667,
        0.7
    ],
    "val_f1": [
        0.2973344193939908,
        0.4719781952864659,
        0.5082882211051315,
        0.5023255603479484,
        0.503916376500023,
        0.5132614900961824,
        0.5319604272810352,
        0.5212665058253293,
        0.5122825286237539,
        0.5275804060989783,
        0.5830157977606586,
        0.6058732933732935,
        0.6128815330820064,
        0.6184883036322416,
        0.6265972366001201,
        0.6258376334051503,
        0.613642660003426,
        0.6355031492152006,
        0.6324231950000013,
        0.6173998412946584
    ],
    "val_auc": [
        0.9066287878787879,
        0.9427840909090909,
        0.9612499999999998,
        0.9525568181818183,
        0.9627651515151515,
        0.9625757575757575,
        0.9654166666666667,
        0.9608522727272728,
        0.9666098484848485,
        0.9696022727272728,
        0.9675189393939395,
        0.9652272727272727,
        0.9668181818181818,
        0.9685416666666669,
        0.9754924242424243,
        0.9786742424242424,
        0.9703409090909091,
        0.9798295454545455,
        0.9758522727272728,
        0.9765719696969698
    ],
    "epoch_times": [
        8.134381294250488,
        5.208341836929321,
        5.2287068367004395,
        5.548203468322754,
        5.153644800186157,
        4.95500636100769,
        5.14052939414978,
        5.2751383781433105,
        5.156358480453491,
        5.663239240646362,
        5.0619447231292725,
        5.403655529022217,
        5.2718422412872314,
        5.354130744934082,
        5.351567506790161,
        5.122129678726196,
        5.503180980682373,
        5.38601279258728,
        5.256278038024902,
        5.592188358306885
    ]
}